City_ID,City,Lat,Lng,Max Temp,Humidity,Cloudiness,Wind Speed,Date
0,hawaiian paradise park,19.5933,-154.9731,21.69,96,100,3.6,1709839108
1,talnakh,69.4865,88.3972,-20.91,97,99,0.66,1709839108
2,port-aux-francais,-49.35,70.2167,7.71,91,100,15.35,1709839110
3,grytviken,-54.2811,-36.5092,3.61,87,99,1.67,1709839111
4,kurumkan,54.3,110.3,-14.37,93,98,2.24,1709839111
5,verkhnevilyuysk,63.4453,120.3167,-24.06,100,100,0.84,1709839111
6,longyearbyen,78.2186,15.6401,-6.09,93,75,1.03,1709839111
7,zaozersk,69.4005,32.4476,-3.32,91,99,5.31,1709839111
8,whitehorse,60.7161,-135.0538,-4.57,73,20,6.17,1709839112
9,bandarbeyla,9.4942,50.8122,26.58,78,28,2.93,1709839112
10,ushuaia,-54.8,-68.3,13.79,62,0,1.54,1709838953
11,jamestown,42.097,-79.2353,13.34,60,26,2.68,1709839112
12,gillette,44.2911,-105.5022,-1.05,76,100,5.66,1709839113
13,port blair,11.6667,92.75,23.02,83,95,1.03,1709839113
14,boende,-0.2167,20.8667,25.43,75,94,1.32,1709839113
15,ust-nera,64.5667,143.2,-23.6,100,100,0.98,1709839113
16,la passe,45.5549,-0.8967,12.13,81,97,5.68,1709839114
17,edinburgh of the seven seas,-37.0676,-12.3116,19.01,89,100,10.74,1709839114
18,chonchi,-42.6128,-73.8092,18.4,52,97,4.47,1709839114
19,gangtok,27.3333,88.6167,8.02,66,56,1.45,1709839114
20,bilibino,68.0546,166.4372,-31.31,98,21,1.74,1709839115
21,port alfred,-33.5906,26.891,18.99,70,2,1.34,1709839115
22,stanley,54.868,-1.6985,4.77,84,75,4.63,1709838835
23,arawa,-6.2132,155.5367,25.56,93,100,1.59,1709839115
24,west island,-12.1568,96.8225,25.99,100,75,2.06,1709839116
25,lebu,-37.6167,-73.65,15.39,59,18,3.4,1709839049
26,atafu village,-8.5421,-172.5159,29.21,72,5,4.05,1709839116
27,paola,39.3599,16.0396,8.62,79,6,0.71,1709839116
28,utrik,11.2278,169.8474,26.3,83,60,11.51,1709839116
29,albany,42.6001,-73.9662,10.69,83,96,2.68,1709839110
30,neietsu,37.1845,128.4682,-4.94,84,4,1.01,1709839117
31,bethel,41.3712,-73.414,11.77,76,100,5.66,1709839117
32,la grande,45.3246,-118.0877,5.0,56,72,2.23,1709839117
33,adamstown,-25.066,-130.1015,24.8,76,100,5.91,1709839117
34,zhongshu,24.5167,103.7667,8.56,85,100,2.34,1709839117
35,neijiang,29.5835,105.0622,11.15,81,64,0.66,1709839118
36,waitangi,-43.9535,-176.5597,16.01,81,100,2.68,1709839118
37,puerto leguizamo,-0.1934,-74.7819,30.24,73,42,0.34,1709839118
38,tazacorte,28.629,-17.9293,17.54,72,75,8.23,1709839118
39,anadyr,64.75,177.4833,-25.56,83,20,3.0,1709839118
40,thompson,55.7435,-97.8558,-7.91,45,20,2.06,1709839118
41,mount gambier,-37.8333,140.7667,9.61,86,59,2.68,1709839119
42,vimmerby,57.6659,15.8552,0.19,72,12,1.89,1709839119
43,puerto natales,-51.7236,-72.4875,15.25,55,100,3.09,1709839042
44,st. john's,47.5649,-52.7093,-0.74,79,100,3.09,1709838889
45,gisborne,-38.6533,178.0042,14.09,77,9,2.19,1709839119
46,blackmans bay,-43.0167,147.3167,9.74,91,28,1.56,1709839119
47,bandiagara,14.3501,-3.6104,30.72,9,88,4.01,1709839120
48,isafjordur,66.0755,-23.124,2.84,82,100,1.7,1709839120
49,badger,64.8,-147.5333,-8.49,77,75,0.0,1709839120
50,san antonio de pale,-1.4014,5.6325,28.22,75,39,4.02,1709839120
51,pizarro,4.9533,-77.366,28.92,73,100,3.42,1709839121
52,vernon,50.2581,-119.2691,3.46,52,40,1.03,1709838940
53,changtu,42.7788,124.0955,-4.92,56,100,4.79,1709839121
54,basco,20.4487,121.9702,23.58,79,97,7.97,1709839121
55,machico,32.7,-16.7667,16.67,72,40,2.57,1709839121
56,ta`u,-14.2336,-169.5144,28.05,77,100,4.24,1709839122
57,bredasdorp,-34.5322,20.0403,22.87,59,88,5.38,1709839122
58,port lincoln,-34.7333,135.8667,18.28,86,100,4.25,1709839122
59,saipan,15.1355,145.701,25.39,88,40,4.12,1709839122
60,yellowknife,62.456,-114.3525,-13.1,82,75,2.06,1709839122
61,vila franca do campo,37.7167,-25.4333,16.23,77,52,7.55,1709839122
62,kyren,51.6828,102.1408,-9.47,84,17,1.34,1709839123
63,cidreira,-30.1811,-50.2056,24.76,76,0,5.83,1709839123
64,khandyga,62.6667,135.6,-28.08,100,100,0.24,1709839123
65,siwa oasis,29.2041,25.5195,18.21,34,0,1.89,1709839123
66,marsa alam,25.0757,34.8918,20.0,59,0,4.77,1709839123
67,tottori,35.5,134.2333,4.64,81,100,3.12,1709839123
68,kargasok,59.0556,80.8572,-21.4,100,77,2.57,1709839124
69,lagunas,-5.2269,-75.6753,32.44,56,92,1.15,1709839124
70,avarua,-21.2078,-159.775,28.03,83,100,3.6,1709839124
71,usogorsk,63.4106,48.6872,-5.19,96,96,2.44,1709839124
72,nguigmi,14.2495,13.1092,30.1,22,100,2.43,1709839124
73,olonkinbyen,70.9221,-8.7187,0.73,90,100,5.76,1709839124
74,corner brook,48.9667,-57.9484,0.09,89,100,2.14,1709839045
75,roxboro,36.3937,-78.9828,21.43,57,53,2.57,1709839125
76,namibe,-15.1961,12.1522,23.18,70,7,2.58,1709839125
77,zalingei,12.9096,23.4741,27.21,10,53,3.76,1709839125
78,jinka,5.65,36.65,21.69,54,81,0.96,1709839125
79,iskateley,67.6803,53.1512,-13.88,92,100,6.26,1709839125
80,fort bragg,35.139,-79.006,22.17,55,75,4.12,1709839126
81,tiksi,71.6872,128.8694,-30.79,100,52,1.74,1709839126
82,north liberty,41.7492,-91.598,11.6,71,100,5.14,1709839054
83,hamilton,39.1834,-84.5333,11.07,82,100,3.6,1709838929
84,nelson bay,-32.7167,152.15,22.22,98,12,0.89,1709839126
85,wailua homesteads,22.0669,-159.378,23.24,68,40,10.29,1709839126
86,sulkowice,49.8405,19.801,3.36,83,100,3.37,1709839127
87,amga,60.8953,131.9608,-23.85,100,100,1.0,1709839127
88,margaret river,-33.95,115.0667,20.96,71,94,1.05,1709838959
89,goya,-29.14,-59.2626,31.06,47,30,2.75,1709839127
90,udachny,66.4167,112.4,-26.72,100,96,1.89,1709839127
91,ca mau,9.1769,105.15,24.47,83,87,2.26,1709839127
92,kendari,-3.945,122.4989,24.78,94,100,1.4,1709839060
93,mil'kovo,55.6078,37.7956,-2.03,60,100,2.12,1709839128
94,sampit,-2.5333,112.95,24.63,98,100,1.01,1709839128
95,belyy yar,53.6039,91.3903,-3.06,86,100,1.0,1709839128
96,santiago del estero,-27.7951,-64.2615,31.5,53,100,4.7,1709838952
97,mombetsu,44.3525,143.3525,-8.81,83,100,2.6,1709839128
98,sitka,57.0531,-135.33,3.94,70,75,4.63,1709839129
99,vorgashor,67.5833,63.95,-15.56,98,91,1.01,1709839129
100,kununurra,-15.7667,128.7333,24.99,100,100,3.09,1709839129
101,kone,-21.0595,164.8658,24.75,85,100,2.13,1709839129
102,sassandra,4.95,-6.0833,27.12,86,76,3.05,1709839129
103,teluk nibung,3.001,99.8164,25.15,93,100,1.62,1709839129
104,hilo,19.7297,-155.09,22.93,94,100,3.6,1709838847
105,aberdeen,57.1437,-2.0981,6.27,89,75,5.66,1709838875
106,alaghsas,17.0187,8.0168,31.96,8,97,3.55,1709839130
107,tinghir,31.5157,-5.5343,15.62,19,0,4.61,1709839130
108,awjilah,29.1081,21.2869,16.43,43,0,2.62,1709839130
109,tabou,4.423,-7.3528,27.41,86,100,4.49,1709839130
110,korsakov,46.6328,142.7813,-23.09,100,94,1.41,1709839130
111,kulhudhuffushi,6.6221,73.07,28.59,67,100,3.12,1709839131
112,st. paul,44.9444,-93.0933,9.1,53,75,4.63,1709838888
113,timbiqui,2.7717,-77.6654,28.05,82,92,2.49,1709839131
114,jalgaon jamod,21.0486,76.5344,25.33,24,3,3.6,1709839131
115,port elizabeth,-33.918,25.5701,20.73,62,0,4.63,1709839131
116,coruripe,-10.1256,-36.1756,29.62,65,15,6.48,1709839132
117,fortuna,40.5982,-124.1573,11.86,59,0,6.69,1709839132
118,cockburn town,21.4612,-71.1419,25.45,80,0,5.42,1709839132
119,puerto ayora,-0.7393,-90.3518,29.98,91,33,2.68,1709839132
120,invercargill,-46.4,168.35,11.68,78,100,6.26,1709839132
121,amal,59.051,12.7049,1.55,82,13,2.02,1709839132
122,itoman,26.1247,127.6694,17.43,74,100,10.29,1709839133
123,swift current,50.2834,-107.8014,-9.55,73,100,5.66,1709839133
124,villa gesell,-37.2639,-56.973,27.25,39,50,6.62,1709839133
125,nemuro,43.3236,145.575,-4.7,77,100,1.32,1709839133
126,canyon,34.9803,-101.9188,22.04,20,96,0.45,1709839104
127,nosivka,50.9315,31.5828,0.11,62,6,0.93,1709839133
128,college,64.8569,-147.8028,-8.44,72,75,0.0,1709839134
129,papatowai,-46.5619,169.4708,10.76,70,80,7.13,1709839134
130,kodiak,57.79,-152.4072,-1.27,86,0,0.0,1709838866
131,chinde,26.8418,88.0763,10.17,42,0,2.34,1709839134
132,ilulissat,69.2167,-51.1,-8.99,86,75,3.09,1709839134
133,hermanus,-34.4187,19.2345,22.67,75,71,7.65,1709839134
134,iqaluit,63.7506,-68.5145,-22.95,69,75,1.54,1709839135
135,ribeira grande,38.5167,-28.7,17.22,82,75,11.32,1709839135
136,keflavik,64.0049,-22.5624,6.24,81,100,5.66,1709839135
137,hithadhoo,-0.6,73.0833,27.89,76,55,2.48,1709839135
138,bargarh,21.3333,83.6167,24.45,50,0,1.71,1709839135
139,qaqortoq,60.7167,-46.0333,-4.69,88,100,3.44,1709839136
140,tshabong,-26.05,22.45,28.45,17,0,5.33,1709839136
141,qamdo,31.1667,97.2333,-5.61,55,54,1.33,1709839136
142,rovnoye,50.7765,46.0509,-10.93,95,7,1.22,1709839136
143,port mathurin,-19.6833,63.4167,26.41,82,85,10.39,1709839136
144,el sauzal de rodriguez,31.9,-116.6833,16.34,75,22,6.8,1709839136
145,soio,-6.1349,12.3689,27.98,85,100,3.81,1709839136
146,petropavlovsk-kamchatsky,53.0452,158.6483,-9.67,92,75,4.0,1709839137
147,jalai nur,49.45,117.7,-22.4,91,12,1.49,1709839137
148,vilyuchinsk,52.9306,158.4028,-8.85,83,100,4.4,1709839137
149,san pedro pochutla,15.7333,-96.4667,30.84,45,0,4.77,1709839137
150,cheonan,36.8065,127.1522,0.79,83,14,3.51,1709839137
151,nykarleby,63.5228,22.5307,-2.21,89,87,1.46,1709839137
152,la'ie,21.6477,-157.9253,25.98,69,90,4.02,1709839138
153,nagqu,31.5,92.0,-4.41,22,100,4.73,1709839138
154,abbeville,50.1,1.8333,8.47,79,75,4.46,1709839138
155,tahe,52.3333,124.7333,-21.74,96,10,1.74,1709839138
156,luderitz,-26.6481,15.1594,18.2,68,0,3.74,1709838861
157,tindouf,27.6711,-8.1474,24.25,12,0,8.23,1709839138
158,tinajo,29.0788,-13.7081,17.49,72,40,9.77,1709839138
159,ambodifotatra,-16.9833,49.85,27.86,76,99,4.33,1709839139
160,marsabit,2.3284,37.9899,26.38,40,57,5.16,1709839139
161,ofunato,39.0717,141.7167,0.34,89,100,0.77,1709839139
162,makokou,0.5738,12.8642,25.68,75,40,1.34,1709839139
163,aljezur,37.3191,-8.8033,10.97,72,67,9.79,1709839139
164,ironwood,46.4547,-90.171,10.19,27,40,2.06,1709839140
165,akureyri,65.6835,-18.0878,2.96,81,0,0.0,1709839140
166,vilyuysk,63.7553,121.6247,-28.77,100,100,0.89,1709839140
167,airway heights,47.6446,-117.5933,2.81,58,40,1.54,1709839140
168,zlotoryja,51.1264,15.9198,3.86,88,13,2.55,1709839140
169,ghormach,35.7306,63.7826,9.71,58,5,4.17,1709839141
170,kavieng,-2.5744,150.7967,26.62,84,100,0.69,1709839141
171,umea,63.8284,20.2597,-5.04,93,100,0.51,1709839141
172,enewetak,11.3474,162.3373,26.31,81,78,9.41,1709839141
173,tommot,58.9564,126.2925,-29.89,99,95,0.64,1709839141
174,san patricio,28.017,-97.5169,25.97,78,100,7.85,1709839142
175,hadibu,12.65,54.0333,25.91,79,12,3.24,1709839142
176,al muwayh,22.4333,41.7583,21.57,18,5,5.2,1709839142
177,carnarvon,-24.8667,113.6333,26.95,74,16,3.32,1709839142
178,kantunilkin,21.0917,-87.45,35.22,37,22,2.94,1709839143
179,kapuskasing,49.4169,-82.4331,3.05,38,75,4.63,1709839143
180,hami,42.8,93.45,1.57,22,1,0.27,1709839143
181,kuanda,56.3161,116.0806,-19.98,93,87,0.59,1709839143
182,goure,13.9835,10.2704,30.64,13,58,1.49,1709839143
183,cole harbour,44.6724,-63.4751,5.98,99,100,4.12,1709839144
184,georgetown,5.4112,100.3354,27.96,93,20,0.0,1709839100
185,tutoia,-2.7619,-42.2744,29.4,72,99,5.15,1709839144
186,puerto deseado,-47.7503,-65.8938,18.96,38,100,6.49,1709839144
187,lihue,21.9789,-159.3672,23.58,69,40,10.29,1709839144
188,rikaze,29.25,88.8833,-0.18,33,0,1.68,1709839145
189,hammerfest,70.6634,23.6821,0.25,86,75,3.6,1709839145
190,alo,7.4178,6.7371,30.41,59,83,0.74,1709839145
191,ola,59.5833,151.2833,-18.06,82,99,3.34,1709839145
192,touros,-5.1989,-35.4608,29.13,71,61,6.33,1709839146
193,horta,38.5333,-28.6333,16.8,88,75,11.32,1709839146
194,kerikeri,-35.2268,173.9474,13.51,85,100,1.64,1709839146
195,livingston,55.9029,-3.5226,7.49,80,100,4.12,1709839146
196,san pedro garza garcia,25.6667,-100.4,31.01,50,100,1.34,1709838923
197,mushie,-3.0167,16.9,26.48,74,52,1.82,1709839147
198,zakynthos,37.7914,20.8953,13.13,66,98,5.58,1709839147
199,broken hill,-31.95,141.4333,24.78,35,100,4.98,1709839113
200,christchurch,-43.5333,172.6333,14.39,64,100,2.06,1709839049
201,aasiaat,68.7098,-52.8699,-11.97,93,100,3.74,1709839148
202,east london,-33.0153,27.9116,24.29,79,0,1.79,1709839148
203,afaahiti,-17.75,-149.2833,25.93,87,100,5.63,1709839148
204,bodo,67.28,14.405,3.02,76,75,6.17,1709839148
205,langepas,61.2544,75.2124,-16.15,94,100,3.97,1709839148
206,kichmengskiy gorodok,59.9816,45.7854,-1.7,83,100,4.02,1709839149
207,san julian,21.0167,-102.1667,26.35,11,97,6.76,1709839149
208,motupe,-6.1519,-79.7142,34.12,42,70,3.79,1709839149
209,adrar,20.5022,-10.0711,25.9,9,68,1.56,1709839149
210,harper,4.375,-7.7169,27.52,85,100,4.79,1709839149
211,masterton,-40.9597,175.6575,15.49,90,4,0.3,1709838859
212,klyuchi,52.2667,79.1667,-10.05,96,100,2.65,1709839150
213,kailua-kona,19.6406,-155.9956,25.84,75,0,2.57,1709839150
214,sisimiut,66.9395,-53.6735,-15.24,96,97,6.51,1709839150
215,macusani,-14.0833,-70.4333,10.0,68,89,3.27,1709839150
216,port moresby,-9.4431,147.1797,25.22,88,100,1.76,1709839151
217,guise,49.9006,3.628,5.36,81,14,3.67,1709839151
218,san luis rio colorado,32.4631,-114.7767,20.21,36,47,3.97,1709838958
219,chul'man,56.8479,124.9104,-34.59,100,95,0.44,1709839151
220,selfoss,63.9331,-20.9971,5.02,83,100,5.46,1709839151
221,vredendal,-31.6683,18.5012,18.29,62,0,1.84,1709839152
222,bandipura,34.4167,74.65,3.01,83,100,1.71,1709839152
223,changping,40.2186,116.2197,0.8,32,0,3.82,1709839152
224,alofi,-19.0595,-169.9187,26.94,83,90,4.63,1709839152
225,imbituba,-28.24,-48.6703,26.59,74,51,6.18,1709839153
226,ayr,55.4627,-4.6339,7.95,70,40,4.63,1709839153
227,tura,25.5198,90.2201,16.46,22,6,1.25,1709839153
228,staraya stanitsa,48.35,40.2833,-1.77,79,9,2.06,1709839153
229,castillos,-34.1667,-53.8333,25.2,43,0,4.97,1709839153
230,hirara,24.8,125.2833,17.15,77,100,10.8,1709839153
231,sydney,-33.8679,151.2073,22.06,84,75,4.63,1709838834
232,maitum,6.0392,124.4986,25.47,85,89,1.97,1709839154
233,prince rupert,54.3161,-130.3201,3.83,93,100,11.32,1709839154
234,paphos,34.7667,32.4167,14.88,72,40,2.06,1709839154
235,fort mcmurray,56.7268,-111.381,-8.23,48,0,5.66,1709839154
236,tyumentsevo,53.3224,81.498,-8.76,97,100,2.95,1709839154
237,lompoc,34.6391,-120.4579,16.55,58,100,5.66,1709839155
238,pacific grove,36.6177,-121.9166,15.01,73,100,5.14,1709839007
239,new norfolk,-42.7826,147.0587,10.4,97,20,1.23,1709839155
240,callao,-12.0667,-77.15,28.16,61,0,6.17,1709839155
241,curillo,1.0333,-75.9191,30.74,67,40,0.06,1709838977
242,settat,33.0007,-7.6204,12.9,80,100,5.39,1709839155
243,seaside,36.6111,-121.8516,14.93,73,100,5.81,1709838867
244,saldanha,-33.0117,17.9442,19.03,82,1,5.37,1709839156
245,monteagudo,-19.8167,-63.9833,26.95,60,100,2.59,1709839156
246,lata,40.1629,-8.3327,8.37,92,46,3.56,1709839156
247,xining,36.6167,101.7667,-2.67,62,100,0.66,1709839156
248,chichiriviche,10.9333,-68.2772,27.91,77,7,5.4,1709839156
249,aykhal,66.0,111.5,-23.44,100,100,2.37,1709839157
250,sandpoint,48.2766,-116.5533,3.25,70,0,1.79,1709839157
251,mitsamiouli,-11.3847,43.2844,28.72,78,69,3.58,1709839157
252,kirensk,57.7853,108.1119,-5.02,96,100,2.24,1709839157
253,gadzhiyevo,69.2551,33.3362,-1.59,77,100,9.95,1709839157
254,karratha,-20.7377,116.8463,28.31,78,20,4.66,1709839157
255,igarka,67.4667,86.5833,-17.44,96,100,4.11,1709839158
256,nova vicosa,-17.8919,-39.3719,29.53,69,25,5.93,1709839158
257,freetown,8.484,-13.2299,27.84,78,40,5.66,1709839158
258,poronaysk,49.2167,143.1167,-20.61,97,11,1.75,1709839158
259,kavaratti,10.5669,72.642,27.83,71,0,5.58,1709839159
260,trujillo,-8.116,-79.03,23.98,83,40,5.14,1709838936
261,selkirk,50.1436,-96.8845,-8.87,87,100,2.68,1709839159
262,urengoy,65.9667,78.3667,-19.55,99,97,1.91,1709839159
263,tobruk,32.0836,23.9764,15.26,72,0,2.55,1709839120
264,caleta de carquin,-11.0925,-77.6267,26.1,71,64,5.29,1709839160
265,micheweni,-4.9667,39.8333,28.14,78,2,3.74,1709839160
266,salinopolis,-0.6136,-47.3561,28.45,78,100,4.32,1709839160
267,kiunga,-6.1219,141.2906,23.95,100,100,0.55,1709839160
268,uturoa,-16.7333,-151.4333,28.03,75,100,4.16,1709839160
269,chaihe,44.7667,129.7,-10.23,96,100,1.44,1709839160
270,nueva gerona,21.8833,-82.8,28.73,62,17,5.43,1709839161
271,ocean city,39.2776,-74.5746,13.9,80,100,4.47,1709839047
272,tafuna,-14.3358,-170.72,24.97,88,100,5.66,1709839161
273,florence,43.7667,11.25,11.28,78,20,2.06,1709839161
274,annau,37.8876,58.516,9.72,57,3,0.0,1709839162
275,kingscliff,-28.2667,153.5667,24.85,78,75,3.6,1709839162
276,hotan,37.0997,79.9269,5.27,35,100,2.7,1709839162
277,jiangzi,28.95,89.6333,-5.48,57,6,2.49,1709839162
278,lerwick,60.1545,-1.1494,7.0,88,100,6.21,1709839043
279,novodvinsk,64.4165,40.8122,0.44,99,100,4.77,1709839163
280,knyaze-volkonskoye,48.4642,135.4567,-16.81,100,100,0.81,1709839163
281,uporovo,56.3109,66.2693,-15.02,97,83,3.53,1709839164
282,valle de la pascua,9.2155,-66.0073,37.35,30,76,4.16,1709839164
283,aktobe,50.2797,57.2072,-13.95,85,84,2.0,1709839164
284,mena,51.5217,32.2157,-0.43,63,5,1.84,1709839164
285,borzya,50.3833,116.5167,-22.65,98,24,1.32,1709839164
286,kourou,5.1552,-52.6478,31.03,76,100,4.62,1709839164
287,mount isa,-20.7333,139.5,26.87,65,100,4.63,1709839165
288,sarai ekdil,26.75,79.1,17.22,31,0,3.3,1709839165
289,altay,47.8667,88.1167,-4.92,62,100,2.38,1709839165
290,labytnangi,66.6572,66.4183,-10.74,94,100,5.47,1709839165
291,markala,13.7021,-6.0659,33.19,9,10,2.38,1709839165
292,altinopolis,-21.0256,-47.3739,27.64,58,100,0.95,1709839166
293,bayport,40.7384,-73.0507,11.17,85,100,6.17,1709839166
294,moyynkum,44.2914,72.9469,5.92,73,30,3.89,1709839166
295,delice,39.9537,34.0259,4.76,65,7,1.39,1709839166
296,floro,61.5996,5.0328,5.04,81,75,3.6,1709839166
297,port isabel,26.0734,-97.2086,26.14,83,100,6.69,1709838903
298,bekes,46.75,21.0,6.66,98,100,3.76,1709839167
299,el bayadh,33.6832,1.0193,13.61,31,82,6.47,1709839167
300,newport,51.5877,-2.9984,9.02,79,100,7.56,1709839167
301,veinticinco de mayo,-35.4323,-60.1727,34.79,15,0,6.22,1709838953
302,chibougamau,49.9168,-74.3659,-5.21,50,0,4.12,1709839167
303,polyarnyy,69.1989,33.4478,-1.45,77,100,10.06,1709839167
304,lewiston orchards,46.3804,-116.9754,6.82,60,0,1.54,1709839168
305,la punta,-33.1837,-66.3127,28.27,46,41,6.58,1709839168
306,gokwe,-18.2048,28.9349,20.02,83,94,3.06,1709839168
307,batang,-6.4846,110.7083,27.24,89,93,2.71,1709839168
308,mejit,10.2753,170.8646,26.45,84,72,11.59,1709839168
309,menaka,15.9182,2.4022,32.71,5,46,4.35,1709839169
310,bengkulu,-3.8004,102.2655,24.51,95,100,1.87,1709839169
311,thal,35.4791,72.2439,-3.9,87,96,3.04,1709839169
312,port-vila,-17.7338,168.3219,24.78,94,100,3.09,1709839169
313,troitsko-pechorsk,62.7084,56.1964,-2.95,94,99,3.58,1709839169
314,sumbuya,7.6467,-11.9611,28.67,54,100,3.87,1709839170
315,qarqaraly,49.4058,75.4742,-15.23,98,95,3.68,1709839170
316,malibu,34.005,-118.8101,19.33,76,0,1.79,1709838941
317,sao joao da barra,-21.6403,-41.0511,28.05,81,76,3.79,1709839170
318,amparafaravola,-17.5833,48.2167,20.93,95,100,0.8,1709839170
319,oppdal,62.5943,9.6912,-3.54,98,99,0.42,1709839170
320,constantia,44.1833,28.65,4.38,83,100,5.94,1709839170
321,sile,41.1754,29.6133,9.2,60,93,3.87,1709839171
322,baryshivka,50.361,31.3217,0.24,63,6,1.02,1709839171
323,tralee,52.2704,-9.7026,6.74,84,20,6.61,1709839171
324,armacao de buzios,-22.7469,-41.8817,28.09,82,28,4.74,1709839171
325,turuntayevo,52.2,107.6167,-16.95,97,100,0.52,1709839171
326,midvagur,62.0511,-7.1939,5.46,93,40,4.12,1709839172
327,gaillac,43.9016,1.8969,11.53,80,62,7.48,1709839172
328,praia da vitoria,38.7333,-27.0667,17.14,82,40,6.9,1709839172
329,saint-francois,46.4154,3.9054,7.03,71,0,4.12,1709839172
330,saint-philippe,-21.3585,55.7679,25.77,76,55,4.73,1709839172
331,diebougou,10.9667,-3.25,34.09,10,40,1.64,1709839172
332,geraldton,-28.7667,114.6,24.23,83,75,0.51,1709839159
333,howard springs,-12.497,131.047,24.95,96,98,0.89,1709839173
334,lesnoy,57.6198,63.0784,-10.05,91,98,3.93,1709839173
335,newman,37.3138,-121.0208,14.02,74,99,0.89,1709839173
336,chui,-33.6971,-53.4616,25.51,42,0,5.29,1709839173
337,naze,28.3667,129.4833,13.51,63,100,8.31,1709839173
338,pisco,-13.7,-76.2167,29.03,54,0,9.77,1709838984
339,tadine,-21.55,167.8833,25.79,86,100,6.59,1709839174
340,hoemul-li,41.4339,129.67,-1.71,62,36,1.79,1709839174
341,colares,38.7992,-9.4469,12.72,80,40,12.52,1709839174
342,itumba,-9.4,33.1833,17.87,95,43,1.58,1709839174
343,hpa-an,16.8906,97.6333,23.47,83,0,0.78,1709838995
344,rio branco,-9.9747,-67.81,32.34,62,40,2.57,1709839175
345,merizo village,13.2658,144.6691,26.31,90,100,5.62,1709839175
346,leava,-14.3,-178.1667,28.77,78,44,6.49,1709839175
347,crescentino,45.1904,8.0999,12.29,76,5,1.07,1709839175
348,tual,-5.6667,132.75,28.71,75,100,2.39,1709839175
349,richards bay,-28.783,32.0377,23.93,78,100,2.8,1709839176
350,kimbe,-5.5502,150.1429,24.9,94,60,0.88,1709839176
351,harrisonburg,38.4496,-78.8689,18.09,60,75,4.12,1709839176
352,severo-yeniseyskiy,60.3725,93.0408,-11.9,97,100,1.34,1709839176
353,susuman,62.7833,148.1667,-30.01,100,98,1.34,1709839176
354,tofol,5.3248,163.0078,27.91,81,100,9.89,1709839177
355,santanyi,39.3546,3.1291,13.71,85,100,7.03,1709839177
356,lionel town,17.8101,-77.2406,30.94,54,0,5.36,1709839177
357,weno,7.4515,151.8468,27.37,74,99,8.98,1709839177
358,kasane,-17.8167,25.15,21.56,82,85,2.88,1709839177
359,al hawatah,13.4167,34.6333,30.54,10,76,4.49,1709839177
360,le port,-20.9373,55.2919,26.0,80,50,2.3,1709839177
361,kamakwie,9.5,-12.2333,35.5,25,5,2.83,1709839178
362,south tamworth,43.8248,-71.3031,8.22,80,100,0.45,1709839178
363,songyuan,45.1171,124.8568,-7.08,77,100,3.27,1709839178
364,cabo san lucas,22.8909,-109.9124,28.61,33,75,4.63,1709839097
365,kill devil hills,36.0307,-75.676,17.0,86,100,6.17,1709839178
366,tselina,46.5338,41.0328,4.49,62,100,4.47,1709839178
367,tenno,39.9,139.9667,0.94,60,100,2.16,1709839179
368,bardai,11.65,7.2333,30.42,38,100,4.82,1709839179
369,bocaiuva,-17.1078,-43.815,32.84,56,79,0.94,1709839043
370,sault ste. marie,46.5168,-84.3333,6.9,34,0,3.6,1709838901
371,simpang,-1.2667,104.0833,24.72,95,100,1.91,1709839179
372,nova sintra,14.8667,-24.7167,19.33,74,21,12.58,1709839180
373,lanxi,29.2195,119.477,7.58,87,1,0.9,1709839180
374,canutama,-6.5339,-64.3831,31.56,69,90,1.01,1709839180
375,sao felix do xingu,-6.6447,-51.995,32.31,58,36,2.09,1709839180
376,sao jose da coroa grande,-8.8978,-35.1478,29.46,69,20,5.65,1709839180
377,timbuktu,16.7735,-3.0074,29.3,5,18,4.42,1709839180
378,pathein,16.7833,94.7333,22.46,75,99,4.32,1709839181
379,neryungri,56.6709,124.6491,-31.43,100,78,1.06,1709839181
380,mairipora,-23.3186,-46.5867,26.98,73,40,5.14,1709839181
381,katsuura,35.1333,140.3,8.13,92,100,4.48,1709839181
382,daru,-9.0763,143.2092,26.64,86,100,1.8,1709839181
383,rongelap,11.1635,166.8941,26.29,84,62,10.87,1709839182
384,mangai,-4.05,19.5333,24.87,81,92,1.07,1709839182
385,ishigaki,24.3448,124.1572,17.07,77,100,6.17,1709839182
386,gornopravdinsk,60.05,69.9,-12.33,94,100,4.2,1709839182
387,hasaki,35.7333,140.8333,3.22,85,100,5.94,1709839182
388,serafimovich,49.5786,42.736,-3.43,73,8,1.98,1709839182
389,garissa,-0.4536,39.6401,27.43,69,99,6.67,1709839183
390,mariano roque alonso,-25.1667,-57.55,37.08,50,40,2.57,1709839183
391,masaka,-0.3338,31.7341,19.21,85,100,0.96,1709839183
392,axim,4.8699,-2.2405,27.72,82,100,2.53,1709839183
393,paracuru,-3.41,-39.0306,28.95,83,100,3.54,1709839183
394,luwuk,-0.9516,122.7875,25.94,89,100,1.53,1709839183
395,rosalie,15.3667,-61.2667,30.75,51,20,0.51,1709839183
396,codrington,-38.2667,141.9667,8.72,88,97,3.14,1709839184
397,victorica,-36.2151,-65.4359,29.88,43,100,3.84,1709839184
398,calvi,42.5,8.8333,6.35,76,0,1.54,1709839184
399,barabai,-2.5833,115.3833,23.78,98,100,0.96,1709839184
400,namtsy,62.7161,129.6658,-29.02,100,97,0.96,1709839184
401,hun,29.1268,15.9477,17.33,33,94,4.18,1709839184
402,tazovsky,67.4667,78.7,-29.09,100,100,0.72,1709839184
403,lorengau,-2.0226,147.2712,27.12,86,100,3.82,1709839185
404,sukhobezvodnoye,57.0491,44.8891,-4.08,96,100,3.04,1709839185
405,vadso,70.0744,29.7487,0.49,86,75,4.63,1709839185
406,huanren,41.2647,125.3667,-4.28,53,14,1.23,1709839185
407,dedougou,12.4667,-3.4667,33.66,9,14,1.37,1709839185
408,yemva,62.59,50.8594,-1.38,96,100,4.02,1709839186
409,talara,-4.5772,-81.2719,32.42,51,0,7.2,1709839186
410,ban dan lan hoi,17.0068,99.575,28.29,35,0,0.95,1709839186
411,stephenville,32.2207,-98.2023,18.41,94,100,6.17,1709839186
412,glace bay,46.1969,-59.957,1.25,97,100,4.63,1709839186
413,belmonte,-15.8631,-38.8828,28.94,71,100,3.52,1709839186
414,crane,31.3974,-102.3501,24.37,17,100,6.17,1709839187
415,askoy,60.4092,5.226,4.3,93,75,2.57,1709839187
416,port macquarie,-31.4333,152.9167,19.94,81,15,1.74,1709839187
417,al ghayzah,16.2079,52.176,26.65,74,97,4.58,1709839187
418,coquimbo,-29.9533,-71.3436,19.85,77,75,4.63,1709839143
419,al kharijah,25.4514,30.5464,18.19,32,7,4.0,1709839187
420,mengyin,35.7069,117.9264,2.08,60,0,2.41,1709839187
421,sterling,39.0062,-77.4286,18.9,59,40,6.17,1709839188
422,ancud,-41.8697,-73.8203,14.09,72,100,8.87,1709839188
423,quellon,-43.1167,-73.6167,15.54,61,91,8.21,1709839188
424,mantua,45.1667,10.7833,12.42,83,66,0.89,1709839188
425,coventry,52.4066,-1.5122,7.04,85,75,6.17,1709839188
426,eastham,41.8301,-69.9739,5.04,98,100,10.28,1709839189
427,tianpeng,30.9866,103.9393,10.26,65,98,1.52,1709839189
428,kotkapura,30.5819,74.833,10.55,41,0,2.22,1709839189
429,nyurba,63.2842,118.3319,-23.1,100,98,0.85,1709839189
430,kadur,13.5533,76.0131,23.43,49,15,2.74,1709839189
431,brookings,44.3114,-96.7984,3.43,60,75,6.69,1709839156
432,mexia,31.6799,-96.4822,21.03,82,75,4.63,1709839190
433,lagos,6.5833,3.75,29.18,80,100,2.92,1709839137
434,bangar,16.8936,120.4243,23.22,72,5,1.86,1709839190
435,taltal,-25.4,-70.4833,22.22,72,56,2.91,1709839190
436,skovorodino,53.9833,123.9167,-27.26,100,25,1.21,1709839190
437,boke,10.9409,-14.2967,30.53,34,0,4.61,1709839191
438,hovd,48.0056,91.6419,-8.09,54,100,0.49,1709839191
439,parczew,51.6402,22.9006,-1.66,65,9,2.24,1709839191
440,ilhabela,-23.7781,-45.3581,25.37,90,83,4.41,1709839192
441,holualoa,19.6228,-155.9522,23.77,75,0,2.57,1709839192
442,anqing,30.5092,117.0506,8.31,80,0,0.75,1709839192
443,bamyan,34.75,67.25,-17.81,88,13,2.01,1709839192
444,kochubey,44.3861,46.5825,2.97,77,100,1.54,1709839193
445,villamontes,-21.25,-63.5,32.69,58,40,0.0,1709839193
446,khenchela,35.4358,7.1433,10.37,57,100,3.98,1709839193
447,wajir,1.7471,40.0573,28.39,63,7,8.53,1709839193
448,conception bay south,47.4999,-52.9981,-0.87,79,100,3.62,1709838906
449,edson,53.5835,-116.4356,-2.92,50,0,2.06,1709839193
450,la tuque,47.4334,-72.7824,4.14,33,45,4.12,1709839193
451,tazoult-lambese,35.4817,6.2607,11.53,56,100,4.31,1709839193
452,remire-montjoly,4.9167,-52.2667,31.02,66,75,7.72,1709838946
453,ciudad bolivar,8.1222,-63.5497,37.22,32,93,5.28,1709838953
454,korla,41.7597,86.1469,2.12,53,66,0.66,1709839194
455,malabar,-33.9667,151.25,22.29,80,75,4.63,1709839194
456,qui nhon,13.7667,109.2333,24.38,84,100,3.07,1709839194
457,punta arenas,-53.15,-70.9167,17.01,71,75,3.6,1709839042
458,padang,-0.9492,100.3543,25.03,97,100,1.07,1709839195
459,tidjikja,18.5564,-11.4271,30.55,9,23,4.39,1709839195
460,flying fish cove,-10.4217,105.6791,25.82,94,100,2.57,1709839030
461,gharavuti,37.5672,68.4469,9.36,60,100,1.13,1709839196
462,olds,51.7834,-114.102,-1.75,58,16,3.6,1709839196
463,fale old settlement,-9.3852,-171.2468,29.02,72,0,3.99,1709839196
464,cadale,2.7603,46.3222,28.37,80,11,5.14,1709839196
465,sinabang,2.4803,96.3801,24.98,96,100,9.85,1709839196
466,raduzhny,62.0961,77.475,-18.07,96,100,3.7,1709839196
467,kampong thom,12.7111,104.8887,28.25,64,3,6.0,1709839197
468,sandnessjoen,66.0217,12.6316,5.23,93,75,3.6,1709839197
469,cam ranh,11.9214,109.1591,24.98,83,20,2.57,1709839197
470,dudinka,69.4058,86.1778,-28.21,100,100,1.54,1709839197
471,roghun,38.7826,69.8708,1.42,80,100,2.16,1709839197
472,candon,17.1947,120.4517,22.42,75,1,1.69,1709839198
473,karachi,24.9056,67.0822,21.9,53,3,2.06,1709838590
474,marathon,44.9,-89.7668,10.74,40,0,4.63,1709839023
475,nar'yan-mar,67.6713,53.087,-13.83,92,100,6.26,1709839198
476,islamkot,24.6997,70.177,22.84,21,1,4.82,1709839198
477,poxoreo,-15.8372,-54.3892,29.0,59,98,1.47,1709839198
478,oudtshoorn,-33.5907,22.2014,21.93,51,7,1.65,1709839198
479,ad darb,17.7229,42.2526,28.66,64,0,2.9,1709839199
480,lipova,46.0833,21.7,7.92,92,100,0.85,1709839199
481,grand-lahou,5.1367,-5.0242,27.35,88,88,3.94,1709839199
482,kuta,-8.7233,115.1723,26.97,94,40,1.03,1709839199
483,gambiran satu,-8.3939,114.1464,24.25,94,100,1.09,1709839199
484,tarashcha,49.5583,30.4926,-0.67,71,8,1.88,1709839199
485,nuuk,64.1835,-51.7216,-9.66,85,100,10.8,1709839163
486,arkalyk,50.2486,66.9114,-15.69,100,96,2.33,1709839200
487,verkh-chebula,56.0308,87.6218,-5.25,93,100,4.44,1709839200
488,guerrero negro,27.9769,-114.0611,18.64,52,4,6.62,1709838723
489,wainwright,52.839,-110.8572,-13.01,86,74,4.06,1709839200
490,kajiado,-1.8524,36.7768,18.4,74,93,4.34,1709839201
491,tangalle,6.024,80.7911,25.54,84,100,0.91,1709839201
492,antonio enes,-16.2325,39.9086,27.18,87,100,2.71,1709839201
493,porto novo,6.4965,2.6036,27.97,78,59,3.32,1709839201
494,arar,30.9753,41.0381,15.01,41,0,4.12,1709839202
495,vorkuta,67.5,64.0,-15.3,98,95,0.39,1709839202
496,pauini,-7.7136,-66.9764,29.58,85,58,0.63,1709839202
497,broome,42.2506,-75.833,6.77,93,100,2.57,1709839037
498,ak'ordat,15.5486,37.8867,27.44,27,20,3.61,1709838979
499,shiprock,36.7855,-108.687,12.19,38,100,4.17,1709839203
500,san blas,21.5167,-105.2667,33.94,38,9,3.44,1709839204
501,berlin,52.5244,13.4105,5.6,69,0,3.09,1709838933
502,taroa,8.7058,171.2275,26.78,83,100,11.89,1709839206
503,wuchuan,21.4571,110.7659,17.43,79,100,2.69,1709839206
504,indramayu,-6.3264,108.32,26.92,87,100,1.43,1709839206
505,hutchinson,38.0608,-97.9298,11.4,94,100,8.23,1709838755
506,matoury,4.8483,-52.3317,30.98,66,75,7.72,1709839052
507,cabedelo,-6.9811,-34.8339,31.37,70,66,6.41,1709839207
508,tame,6.461,-71.73,35.71,32,97,2.55,1709838937
509,ilebo,-4.3167,20.5833,24.21,91,100,0.59,1709839207
510,colonia,50.9333,6.95,8.66,58,0,3.09,1709839207
511,kencong,-8.2833,113.3667,25.71,89,100,0.84,1709839208
512,duyun,26.2667,107.5167,8.5,78,100,1.92,1709839208
513,ghat,24.9647,10.1728,23.43,14,8,2.14,1709839208
514,tobelo,1.7284,128.0095,26.39,84,99,5.72,1709839208
515,umba,66.6871,34.3429,-4.44,94,29,2.92,1709839208
516,forster,-32.1667,152.5167,19.05,100,23,1.43,1709839209
517,porbandar,21.6422,69.6093,23.42,62,5,4.23,1709839209
518,pemangkat,1.1667,108.9667,26.32,89,58,4.06,1709839209
519,makoua,0.0069,15.6333,26.56,77,100,0.98,1709839209
520,charters towers,-20.1,146.2667,21.18,90,7,3.85,1709839210
521,popondetta,-8.7537,148.2534,23.81,97,100,1.16,1709839210
522,cambrils,41.0748,1.0524,13.73,83,0,1.54,1709839210
523,bapatla,15.9,80.4667,24.43,78,11,5.17,1709839210
524,anloga,5.7947,0.8973,28.43,81,100,5.13,1709839211
525,balqash,46.8481,74.995,-12.97,94,11,2.76,1709839211
526,huesca,42.1362,-0.4087,9.47,75,0,6.69,1709838947
527,dayr mawas,27.6418,30.8466,17.78,36,8,3.57,1709839211
528,jizzax,40.1158,67.8422,9.31,68,100,1.5,1709839211
529,ojinaga,29.5667,-104.4167,24.21,17,0,3.09,1709839212
530,shpola,49.0069,31.3947,0.27,70,62,2.66,1709839212
531,wadersloh,51.7333,8.25,5.5,64,5,2.24,1709839212
532,sima,53.9202,102.0442,-13.34,96,78,1.28,1709839213
533,onega,63.9061,38.1404,-0.06,83,100,6.07,1709839213
534,valparaiso,-33.0393,-71.6273,24.13,56,0,6.17,1709839095
535,buala,-8.145,159.5921,26.78,85,100,1.96,1709839214
536,ust-tsilma,65.441,52.1498,-6.88,97,91,1.79,1709839214
537,nikolayevsk-on-amure,53.1406,140.73,-15.84,98,100,1.84,1709839214
538,plastun,44.7561,136.2939,-6.03,71,100,2.13,1709839215
539,palmas,-10.2128,-48.3603,32.93,58,20,2.06,1709839215
540,mezhdurechenskiy,59.6,65.9333,-10.51,94,100,3.81,1709839215
541,suva,-18.1416,178.4415,24.71,100,75,1.03,1709839215
542,temirlanovka,42.5994,69.2633,6.77,71,100,2.0,1709839216
543,fort st. john,56.2499,-120.8529,-1.06,59,75,10.29,1709839144
544,kuqa,41.7278,82.9364,4.44,48,100,1.59,1709839216
545,port arthur,38.8,121.2667,-0.88,51,6,3.84,1709839217
546,teknaf,20.8624,92.3058,21.19,40,6,4.89,1709839217
547,bezenchuk,52.982,49.4333,-13.62,98,90,2.61,1709839217
548,kapa'a,22.0752,-159.319,23.99,68,40,10.29,1709839217
549,dauphin,51.1494,-100.0502,-9.92,67,100,4.12,1709839217
550,pahrump,36.2083,-115.9839,13.62,48,77,2.68,1709839218
551,itapecuru mirim,-3.3925,-44.3586,27.82,87,100,2.18,1709839218
552,sumbawa besar,-8.5,117.4333,25.51,88,100,0.98,1709839218
553,olinda,-8.0089,-34.8553,30.85,70,40,6.17,1709839219
554,alamo,20.9167,-97.6833,30.8,60,42,3.18,1709839219
555,yung shue wan,22.2333,114.1167,17.04,73,100,5.47,1709839219
